-- MySQL dump 10.13  Distrib 8.0.13, for Win64 (x86_64)
--
-- Host: localhost    Database: estateadvance1
-- ------------------------------------------------------
-- Server version	8.0.13
CREATE DATABASE  IF NOT EXISTS `estateadvance` /*!40100 DEFAULT CHARACTER SET utf8 */;
USE `estateadvance`;

/*!40101 SET @OLD_CHARACTER_SET_CLIENT=@@CHARACTER_SET_CLIENT */;
/*!40101 SET @OLD_CHARACTER_SET_RESULTS=@@CHARACTER_SET_RESULTS */;
/*!40101 SET @OLD_COLLATION_CONNECTION=@@COLLATION_CONNECTION */;
 SET NAMES utf8 ;
/*!40103 SET @OLD_TIME_ZONE=@@TIME_ZONE */;
/*!40103 SET TIME_ZONE='+00:00' */;
/*!40014 SET @OLD_UNIQUE_CHECKS=@@UNIQUE_CHECKS, UNIQUE_CHECKS=0 */;
/*!40014 SET @OLD_FOREIGN_KEY_CHECKS=@@FOREIGN_KEY_CHECKS, FOREIGN_KEY_CHECKS=0 */;
/*!40101 SET @OLD_SQL_MODE=@@SQL_MODE, SQL_MODE='NO_AUTO_VALUE_ON_ZERO' */;
/*!40111 SET @OLD_SQL_NOTES=@@SQL_NOTES, SQL_NOTES=0 */;

--
-- Table structure for table `assignmentbuilding`
--

DROP TABLE IF EXISTS `building`;
/*!40101 SET @saved_cs_client     = @@character_set_client */;
 SET character_set_client = utf8mb4 ;
CREATE TABLE `building` (
  `id` bigint(20) NOT NULL AUTO_INCREMENT,
  `name` varchar(255) NOT NULL,
  `street` varchar(255) DEFAULT NULL,
  `ward` varchar(255) DEFAULT NULL,
  `district` varchar(255) DEFAULT NULL,
  `structure` varchar(255) DEFAULT NULL,
  `numberofbasement` int(11) DEFAULT NULL,
  `floorarea` int(11) DEFAULT NULL,
  `direction` varchar(255) DEFAULT NULL,
  `level` varchar(255) DEFAULT NULL,
  `rentprice` int(11) DEFAULT NULL,
  `rentpricedescription` text,
  `servicefee` varchar(255) DEFAULT NULL,
  `carfee` varchar(255) DEFAULT NULL,
  `motofee` varchar(255) DEFAULT NULL,
  `overtimefee` varchar(255) DEFAULT NULL,
  `waterfee` varchar(255) DEFAULT NULL,
  `electricityfee` varchar(255) DEFAULT NULL,
  `deposit` varchar(255) DEFAULT NULL,
  `payment` varchar(255) DEFAULT NULL,
  `renttime` varchar(255) DEFAULT NULL,
  `decorationtime` varchar(255) DEFAULT NULL,
  `brokeragefee` decimal(13,2) DEFAULT NULL,
  `type` varchar(255) DEFAULT NULL,
  `note` varchar(255) DEFAULT NULL,
  `linkofbuilding` varchar(255) DEFAULT NULL,
  `map` varchar(255) DEFAULT NULL,
  `avatar` varchar(255) DEFAULT NULL,
  `managername` varchar(255) DEFAULT NULL,
  `managerphone` varchar(255) DEFAULT NULL,
  `createddate` datetime DEFAULT NULL,
  `modifieddate` datetime DEFAULT NULL,
  `createdby` varchar(255) DEFAULT NULL,
  `modifiedby` varchar(255) DEFAULT NULL,
  PRIMARY KEY (`id`)
) ENGINE=InnoDB AUTO_INCREMENT=28 DEFAULT CHARSET=utf8;
/*!40101 SET character_set_client = @saved_cs_client */;

--
-- Dumping data for table `building`
--


--
-- Table structure for table `customer`
--

DROP TABLE IF EXISTS `customer`;
/*!40101 SET @saved_cs_client     = @@character_set_client */;
 SET character_set_client = utf8mb4 ;
CREATE TABLE `customer` (
  `id` bigint(20) NOT NULL AUTO_INCREMENT,
  `fullname` varchar(255) DEFAULT NULL,
  `phone` varchar(255) DEFAULT NULL,
  `email` varchar(255) DEFAULT NULL,
  `createddate` datetime DEFAULT NULL,
  `modifieddate` datetime DEFAULT NULL,
  `createdby` varchar(255) DEFAULT NULL,
  `modifiedby` varchar(255) DEFAULT NULL,
  `companyname` varchar(255) DEFAULT NULL,
  `note` varchar(512) DEFAULT NULL,
  `demand` varchar(255) DEFAULT NULL,
  PRIMARY KEY (`id`)
) ENGINE=InnoDB AUTO_INCREMENT=24 DEFAULT CHARSET=utf8;
/*!40101 SET character_set_client = @saved_cs_client */;

--
-- Dumping data for table `customer`
--
--
-- Table structure for table `role`
--

DROP TABLE IF EXISTS `role`;
/*!40101 SET @saved_cs_client     = @@character_set_client */;
 SET character_set_client = utf8mb4 ;
CREATE TABLE `role` (
  `id` bigint(20) NOT NULL AUTO_INCREMENT,
  `name` varchar(255) NOT NULL,
  `code` varchar(255) NOT NULL,
  `createddate` datetime DEFAULT NULL,
  `modifieddate` datetime DEFAULT NULL,
  `createdby` varchar(255) DEFAULT NULL,
  `modifiedby` varchar(255) DEFAULT NULL,
  PRIMARY KEY (`id`)
) ENGINE=InnoDB AUTO_INCREMENT=4 DEFAULT CHARSET=utf8;
/*!40101 SET character_set_client = @saved_cs_client */;

--
-- Dumping data for table `role`
--

LOCK TABLES `role` WRITE;
/*!40000 ALTER TABLE `role` DISABLE KEYS */;
INSERT INTO `role` VALUES (1,'Quản lý','MANAGER',NULL,NULL,NULL,NULL),(2,'Nhân viên','STAFF',NULL,NULL,NULL,NULL),(3,'ADMIN','ADMIN',NULL,NULL,NULL,NULL);
/*!40000 ALTER TABLE `role` ENABLE KEYS */;
UNLOCK TABLES;


--
-- Table structure for table `user`
--

DROP TABLE IF EXISTS `user`;
/*!40101 SET @saved_cs_client     = @@character_set_client */;
 SET character_set_client = utf8mb4 ;
CREATE TABLE `user` (
  `id` bigint(20) NOT NULL AUTO_INCREMENT,
  `username` varchar(255) NOT NULL,
  `password` varchar(255) NOT NULL,
  `fullname` varchar(255) DEFAULT NULL,
  `phone` varchar(255) DEFAULT NULL,
  `email` varchar(255) DEFAULT NULL,
  `status` int(11) NOT NULL,
  `createddate` datetime DEFAULT NULL,
  `modifieddate` datetime DEFAULT NULL,
  `createdby` varchar(255) DEFAULT NULL,
  `modifiedby` varchar(255) DEFAULT NULL,
  PRIMARY KEY (`id`),
  UNIQUE KEY `username` (`username`)
) ENGINE=InnoDB AUTO_INCREMENT=8 DEFAULT CHARSET=utf8;
/*!40101 SET character_set_client = @saved_cs_client */;

--
-- Dumping data for table `user`
--

LOCK TABLES `user` WRITE;
/*!40000 ALTER TABLE `user` DISABLE KEYS */;
INSERT INTO `user` VALUES (1,'nguyenvana','$2a$10$/RUbuT9KIqk6f8enaTQiLOXzhnUkiwEJRdtzdrMXXwU7dgnLKTCYG','nguyen van a',NULL,NULL,1,NULL,NULL,NULL,NULL),(2,'nguyenvanb','$2a$10$/RUbuT9KIqk6f8enaTQiLOXzhnUkiwEJRdtzdrMXXwU7dgnLKTCYG','nguyen van b',NULL,NULL,1,NULL,NULL,NULL,NULL),(3,'nguyenvanc','$2a$10$/RUbuT9KIqk6f8enaTQiLOXzhnUkiwEJRdtzdrMXXwU7dgnLKTCYG','nguyen van c',NULL,NULL,1,NULL,NULL,NULL,NULL),(4,'nguyenvand','$2a$10$/RUbuT9KIqk6f8enaTQiLOXzhnUkiwEJRdtzdrMXXwU7dgnLKTCYG','nguyen van d',NULL,NULL,1,NULL,NULL,NULL,NULL),(5,'locdangbach','$2a$10$CYvHJ.9..Pnm3TRqJEsoguDMv5B7jQ0ri0ZMDwIBDeR/Uf2T.6rb6','loc dang bach',NULL,NULL,1,'2024-10-16 20:47:19','2024-10-16 20:47:19','nguyenvana','nguyenvana'),(7,'admin','$2a$10$0u6J5HCAOAtMHQH9G.Ad4eE3Wp1f.dZa3MQhe2GKsQGSHyw5SbyCe','admin',NULL,NULL,1,'2024-10-17 20:05:35','2024-10-17 20:05:35','nguyenvanb','nguyenvanb');
/*!40000 ALTER TABLE `user` ENABLE KEYS */;
UNLOCK TABLES;


--
-- Table structure for table `rentarea`
--

DROP TABLE IF EXISTS `rentarea`;
/*!40101 SET @saved_cs_client     = @@character_set_client */;
 SET character_set_client = utf8mb4 ;
CREATE TABLE `rentarea` (
  `id` bigint(20) NOT NULL AUTO_INCREMENT,
  `value` int(11) DEFAULT NULL,
  `buildingid` bigint(20) DEFAULT NULL,
  `createddate` datetime DEFAULT NULL,
  `modifieddate` datetime DEFAULT NULL,
  `createdby` varchar(255) DEFAULT NULL,
  `modifiedby` varchar(255) DEFAULT NULL,
  PRIMARY KEY (`id`),
  KEY `rentarea_building` (`buildingid`),
  CONSTRAINT `rentarea_building` FOREIGN KEY (`buildingid`) REFERENCES `building` (`id`)
) ENGINE=InnoDB AUTO_INCREMENT=106 DEFAULT CHARSET=utf8;
/*!40101 SET character_set_client = @saved_cs_client */;

--
-- Dumping data for table `rentarea`
--

LOCK TABLES `rentarea` WRITE;
/*!40000 ALTER TABLE `rentarea` DISABLE KEYS */;
INSERT INTO `rentarea` VALUES (6,300,3,NULL,NULL,NULL,NULL),(7,400,3,NULL,NULL,NULL,NULL),(8,500,3,NULL,NULL,NULL,NULL),(69,100,18,'2024-10-06 11:10:27','2024-10-06 11:10:27','nguyenvana','nguyenvana'),(70,200,18,'2024-10-06 11:10:27','2024-10-06 11:10:27','nguyenvana','nguyenvana'),(71,300,18,'2024-10-06 11:10:27','2024-10-06 11:10:27','nguyenvana','nguyenvana'),(72,500,15,'2024-10-06 11:10:56','2024-10-06 11:10:56','nguyenvana','nguyenvana'),(73,600,15,'2024-10-06 11:10:57','2024-10-06 11:10:57','nguyenvana','nguyenvana'),(74,300,15,'2024-10-06 11:10:57','2024-10-06 11:10:57','nguyenvana','nguyenvana'),(75,500,16,'2024-10-06 11:11:15','2024-10-06 11:11:15','nguyenvana','nguyenvana'),(76,300,16,'2024-10-06 11:11:15','2024-10-06 11:11:15','nguyenvana','nguyenvana'),(95,100,26,'2024-10-16 09:10:39','2024-10-16 09:10:39','nguyenvana','nguyenvana'),(96,200,26,'2024-10-16 09:10:39','2024-10-16 09:10:39','nguyenvana','nguyenvana'),(97,300,26,'2024-10-16 09:10:40','2024-10-16 09:10:40','nguyenvana','nguyenvana'),(98,200,24,'2024-10-17 19:52:07','2024-10-17 19:52:07','nguyenvanb','nguyenvanb'),(99,300,24,'2024-10-17 19:52:07','2024-10-17 19:52:07','nguyenvanb','nguyenvanb'),(100,400,24,'2024-10-17 19:52:07','2024-10-17 19:52:07','nguyenvanb','nguyenvanb'),(101,100,1,'2024-10-17 20:01:33','2024-10-17 20:01:33','nguyenvanb','nguyenvanb'),(102,200,1,'2024-10-17 20:01:34','2024-10-17 20:01:34','nguyenvanb','nguyenvanb'),(103,200,2,'2024-10-18 08:26:34','2024-10-18 08:26:34','locdangbach','locdangbach'),(104,300,2,'2024-10-18 08:26:34','2024-10-18 08:26:34','locdangbach','locdangbach'),(105,400,2,'2024-10-18 08:26:35','2024-10-18 08:26:35','locdangbach','locdangbach');
/*!40000 ALTER TABLE `rentarea` ENABLE KEYS */;
UNLOCK TABLES;


--
-- Table structure for table `transaction`
--

DROP TABLE IF EXISTS `transaction`;
/*!40101 SET @saved_cs_client     = @@character_set_client */;
 SET character_set_client = utf8mb4 ;
CREATE TABLE `transaction` (
  `id` bigint(20) NOT NULL AUTO_INCREMENT,
  `code` varchar(255) DEFAULT NULL,
  `note` varchar(255) DEFAULT NULL,
  `customerid` bigint(20) NOT NULL,
  `createddate` datetime DEFAULT NULL,
  `modifieddate` datetime DEFAULT NULL,
  `createdby` varchar(255) DEFAULT NULL,
  `modifiedby` varchar(255) DEFAULT NULL,
  `staffid` bigint(20) DEFAULT NULL,
  PRIMARY KEY (`id`),
  KEY `fk_customer_transaction` (`customerid`),
  CONSTRAINT `fk_customer_transaction` FOREIGN KEY (`customerid`) REFERENCES `customer` (`id`)
) ENGINE=InnoDB AUTO_INCREMENT=50 DEFAULT CHARSET=utf8;
/*!40101 SET character_set_client = @saved_cs_client */;

--
-- Dumping data for table `transaction`
--

--
-- Table structure for table `user_role`
--

DROP TABLE IF EXISTS `user_role`;
/*!40101 SET @saved_cs_client     = @@character_set_client */;
 SET character_set_client = utf8mb4 ;
CREATE TABLE `user_role` (
  `id` bigint(20) NOT NULL AUTO_INCREMENT,
  `roleid` bigint(20) NOT NULL,
  `userid` bigint(20) NOT NULL,
  `createddate` datetime DEFAULT NULL,
  `modifieddate` datetime DEFAULT NULL,
  `createdby` varchar(255) DEFAULT NULL,
  `modifiedby` varchar(255) DEFAULT NULL,
  PRIMARY KEY (`id`),
  KEY `fk_user_role` (`userid`),
  KEY `fk_role_user` (`roleid`),
  CONSTRAINT `fk_role_user` FOREIGN KEY (`roleid`) REFERENCES `role` (`id`),
  CONSTRAINT `fk_user_role` FOREIGN KEY (`userid`) REFERENCES `user` (`id`)
) ENGINE=InnoDB AUTO_INCREMENT=7 DEFAULT CHARSET=utf8;
/*!40101 SET character_set_client = @saved_cs_client */;

--
-- Dumping data for table `user_role`
--

LOCK TABLES `user_role` WRITE;
/*!40000 ALTER TABLE `user_role` DISABLE KEYS */;
INSERT INTO `user_role` VALUES (1,1,1,NULL,NULL,NULL,NULL),(2,2,2,NULL,NULL,NULL,NULL),(3,2,3,NULL,NULL,NULL,NULL),(4,2,4,NULL,NULL,NULL,NULL),(5,2,5,NULL,NULL,NULL,NULL),(6,3,7,NULL,NULL,NULL,NULL);
/*!40000 ALTER TABLE `user_role` ENABLE KEYS */;
UNLOCK TABLES;


DROP TABLE IF EXISTS `assignmentbuilding`;
/*!40101 SET @saved_cs_client     = @@character_set_client */;
 SET character_set_client = utf8mb4 ;
CREATE TABLE `assignmentbuilding` (
  `id` bigint(20) NOT NULL AUTO_INCREMENT,
  `staffid` bigint(20) NOT NULL,
  `buildingid` bigint(20) NOT NULL,
  `createddate` datetime DEFAULT NULL,
  `modifieddate` datetime DEFAULT NULL,
  `createdby` varchar(255) DEFAULT NULL,
  `modifiedby` varchar(255) DEFAULT NULL,
  PRIMARY KEY (`id`),
  KEY `fk_user_building` (`staffid`),
  KEY `fk_building_user` (`buildingid`),
  CONSTRAINT `fk_building_user` FOREIGN KEY (`buildingid`) REFERENCES `building` (`id`),
  CONSTRAINT `fk_user_building` FOREIGN KEY (`staffid`) REFERENCES `user` (`id`)
) ENGINE=InnoDB AUTO_INCREMENT=43 DEFAULT CHARSET=utf8;
/*!40101 SET character_set_client = @saved_cs_client */;

--
-- Dumping data for table `assignmentbuilding`
--

LOCK TABLES `assignmentbuilding` WRITE;
/*!40000 ALTER TABLE `assignmentbuilding` DISABLE KEYS */;
INSERT INTO `assignmentbuilding` VALUES (18,2,16,NULL,NULL,NULL,NULL),(21,3,3,NULL,NULL,NULL,NULL),(22,4,3,NULL,NULL,NULL,NULL),(30,2,24,NULL,NULL,NULL,NULL),(31,3,24,NULL,NULL,NULL,NULL),(38,2,1,NULL,NULL,NULL,NULL),(39,3,1,NULL,NULL,NULL,NULL),(40,2,15,NULL,NULL,NULL,NULL),(41,4,2,NULL,NULL,NULL,NULL),(42,5,2,NULL,NULL,NULL,NULL);
/*!40000 ALTER TABLE `assignmentbuilding` ENABLE KEYS */;
UNLOCK TABLES;

DROP TABLE IF EXISTS `assignmentcustomer`;
/*!40101 SET @saved_cs_client     = @@character_set_client */;
 SET character_set_client = utf8mb4 ;
CREATE TABLE `assignmentcustomer` (
  `id` bigint(20) NOT NULL AUTO_INCREMENT,
  `staffid` bigint(20) NOT NULL,
  `customerid` bigint(20) NOT NULL,
  `createddate` datetime DEFAULT NULL,
  `modifieddate` datetime DEFAULT NULL,
  `createdby` varchar(255) DEFAULT NULL,
  `modifiedby` varchar(255) DEFAULT NULL,
  PRIMARY KEY (`id`),
  KEY `fk_user_customer` (`staffid`),
  KEY `fk_customer_user` (`customerid`),
  CONSTRAINT `fk_customer_user` FOREIGN KEY (`customerid`) REFERENCES `customer` (`id`),
  CONSTRAINT `fk_user_customer` FOREIGN KEY (`staffid`) REFERENCES `user` (`id`)
) ENGINE=InnoDB AUTO_INCREMENT=16 DEFAULT CHARSET=utf8;
/*!40101 SET character_set_client = @saved_cs_client */;

--
-- Dumping data for table `assignmentcustomer`
--

LOCK TABLES `assignmentcustomer` WRITE;
/*!40000 ALTER TABLE `assignmentcustomer` DISABLE KEYS */;
INSERT INTO `assignmentcustomer` VALUES (14,5,22,NULL,NULL,NULL,NULL),(15,2,19,NULL,NULL,NULL,NULL);
/*!40000 ALTER TABLE `assignmentcustomer` ENABLE KEYS */;
UNLOCK TABLES;


/*!40103 SET TIME_ZONE=@OLD_TIME_ZONE */;

/*!40101 SET SQL_MODE=@OLD_SQL_MODE */;
/*!40014 SET FOREIGN_KEY_CHECKS=@OLD_FOREIGN_KEY_CHECKS */;
/*!40014 SET UNIQUE_CHECKS=@OLD_UNIQUE_CHECKS */;
/*!40101 SET CHARACTER_SET_CLIENT=@OLD_CHARACTER_SET_CLIENT */;
/*!40101 SET CHARACTER_SET_RESULTS=@OLD_CHARACTER_SET_RESULTS */;
/*!40101 SET COLLATION_CONNECTION=@OLD_COLLATION_CONNECTION */;
/*!40111 SET SQL_NOTES=@OLD_SQL_NOTES */;

-- Dump completed on 2024-10-18 22:12:53
